{"/home/andrew/Echo/echo_command.py": {"mtime": 1770442596.1518464, "size": 1518}, "/home/andrew/Echo/echo_core_daemon.py": {"mtime": 1775603122.3487644, "size": 12792}, "/home/andrew/Echo/registry.json": {"mtime": 1775383202.5415134, "size": 5406}, "/home/andrew/Echo/core/governor_v2.py": {"mtime": 1775614797.0513058, "size": 9743}, "/home/andrew/Echo/core/__init__.py": {"mtime": 1770507623.3245044, "size": 0}, "/home/andrew/Echo/core/outcomes_updater.py": {"mtime": 1773581307.2497518, "size": 5983}, "/home/andrew/Echo/core/log_rotator.py": {"mtime": 1773116736.3976872, "size": 1497}, "/home/andrew/Echo/core/semantic_matcher.py": {"mtime": 1773468340.4065318, "size": 6734}, "/home/andrew/Echo/core/auto_test_sel.py": {"mtime": 1773193343.2329705, "size": 1233}, "/home/andrew/Echo/core/trader.py": {"mtime": 1774500757.7017589, "size": 2391}, "/home/andrew/Echo/core/strategy_scraper.py": {"mtime": 1774500948.474351, "size": 3567}, "/home/andrew/Echo/core/notion_bridge.py": {"mtime": 1773507227.402073, "size": 6758}, "/home/andrew/Echo/core/governor.py": {"mtime": 1774890855.38708, "size": 9793}, "/home/andrew/Echo/core/update_contract.py": {"mtime": 1773104020.9514196, "size": 1061}, "/home/andrew/Echo/core/rss_monitor.py": {"mtime": 1773429058.276435, "size": 7431}, "/home/andrew/Echo/core/event_ledger.py": {"mtime": 1773466366.0386386, "size": 4219}, "/home/andrew/Echo/core/crypto_brain.py": {"mtime": 1775053739.4021742, "size": 8426}, "/home/andrew/Echo/core/self_awareness.py": {"mtime": 1772908680.907971, "size": 6587}, "/home/andrew/Echo/core/memory_sessions.py": {"mtime": 1772906282.1451898, "size": 2352}, "/home/andrew/Echo/core/weekly_report.py": {"mtime": 1775618716.759548, "size": 10795}, "/home/andrew/Echo/core/notion_briefing.py": {"mtime": 1773580261.3723748, "size": 4799}, "/home/andrew/Echo/core/article_pipeline.py": {"mtime": 1774890511.9220064, "size": 8205}, "/home/andrew/Echo/core/agent_loop.py": {"mtime": 1772994373.7814052, "size": 4961}, "/home/andrew/Echo/core/command_handler.py": {"mtime": 1772908680.909386, "size": 3618}, "/home/andrew/Echo/core/devto_analytics.py": {"mtime": 1773428601.2822826, "size": 4061}, "/home/andrew/Echo/core/multiplier_test.py": {"mtime": 1765930932.397687, "size": 1497}, "/home/andrew/Echo/core/income_researcher.py": {"mtime": 1773299296.9946597, "size": 13419}, "/home/andrew/Echo/core/weather.py": {"mtime": 1773117922.085011, "size": 2131}, "/home/andrew/Echo/core/regret_scorer.py": {"mtime": 1773427043.3736837, "size": 4759}, "/home/andrew/Echo/core/memory_store.py": {"mtime": 1770427978.181272, "size": 1380}, "/home/andrew/Echo/core/executor.py": {"mtime": 1770265059.1882725, "size": 3543}, "/home/andrew/Echo/core/disk_usage_monitor.py": {"mtime": 1773280267.3075507, "size": 1699}, "/home/andrew/Echo/core/file_watcher_worker.py": {"mtime": 1770431950.8495924, "size": 3642}, "/home/andrew/Echo/core/notifier.py": {"mtime": 1773074856.8791533, "size": 1420}, "/home/andrew/Echo/core/crypto_pilot.py": {"mtime": 1775600368.7329998, "size": 7737}, "/home/andrew/Echo/core/golem_pricing.py": {"mtime": 1773370814.9019384, "size": 3545}, "/home/andrew/Echo/core/self_coder.py": {"mtime": 1773178442.29282, "size": 6106}, "/home/andrew/Echo/core/auto_act.py": {"mtime": 1774908926.2473738, "size": 11568}, "/home/andrew/Echo/core/gpt_reasoner.py": {"mtime": 1773279759.4192543, "size": 2902}, "/home/andrew/Echo/core/decision_trace.py": {"mtime": 1775614729.2566733, "size": 5560}, "/home/andrew/Echo/core/strategy_reviewer.py": {"mtime": 1773529332.1703303, "size": 10375}, "/home/andrew/Echo/core/pulse.py": {"mtime": 1770439600.0816183, "size": 421}, "/home/andrew/Echo/core/draft_writer.py": {"mtime": 1774893131.6207254, "size": 6555}, "/home/andrew/Echo/core/self_act.py": {"mtime": 1773528624.127584, "size": 8607}, "/home/andrew/Echo/core/regret_index.py": {"mtime": 1773119614.2023826, "size": 12101}, "/home/andrew/Echo/core/notion_task_reader.py": {"mtime": 1773581928.7544312, "size": 6319}, "/home/andrew/Echo/core/autonomous_multiplier.py": {"mtime": 1765931003.3568559, "size": 2268}, "/home/andrew/Echo/core/identity.py": {"mtime": 1765915622.7321942, "size": 649}, "/home/andrew/Echo/core/income_task_injector.py": {"mtime": 1773076090.9031358, "size": 2078}, "/home/andrew/Echo/core/devto_performance_tracker.py": {"mtime": 1773428483.956923, "size": 5476}, "/home/andrew/Echo/core/memory_promoter.py": {"mtime": 1773512486.4322946, "size": 4884}, "/home/andrew/Echo/core/skill_unlock_validator.py": {"mtime": 1765934296.5287008, "size": 2153}, "/home/andrew/Echo/core/income_feed.py": {"mtime": 1765931786.0087204, "size": 918}, "/home/andrew/Echo/core/vast_monitor.py": {"mtime": 1773526584.3442304, "size": 2868}, "/home/andrew/Echo/core/task_prioritizer.py": {"mtime": 1765931820.7748032, "size": 1189}, "/home/andrew/Echo/core/auto_build_nt.py": {"mtime": 1773281390.39557, "size": 3568}, "/home/andrew/Echo/core/session_checkpoint.py": {"mtime": 1775601854.019492, "size": 5874}, "/home/andrew/Echo/core/golem_task_matcher.py": {"mtime": 1773098912.9281306, "size": 1681}, "/home/andrew/Echo/core/cascade_ledger.py": {"mtime": 1775602322.1100214, "size": 3979}, "/home/andrew/Echo/core/income_api_placeholders.py": {"mtime": 1765933254.2422178, "size": 1701}, "/home/andrew/Echo/core/daily_briefing.py": {"mtime": 1775602322.153828, "size": 5393}, "/home/andrew/Echo/core/boot_verifier.py": {"mtime": 1765916404.430942, "size": 2904}, "/home/andrew/Echo/core/feedback_loop.py": {"mtime": 1773076142.2867427, "size": 2266}, "/home/andrew/Echo/core/trade_brain.py": {"mtime": 1775602254.0699067, "size": 14032}, "/home/andrew/Echo/core/skill_xp_engine.py": {"mtime": 1765934422.9140017, "size": 2045}, "/home/andrew/Echo/core/article_reviewer.py": {"mtime": 1773429984.3384187, "size": 4691}, "/home/andrew/Echo/core/golem_stats_scraper.py": {"mtime": 1773281010.232548, "size": 4139}, "/home/andrew/Echo/core/resource_tracker.py": {"mtime": 1765931092.9700694, "size": 1023}, "/home/andrew/Echo/core/action_runner.py": {"mtime": 1766087680.6838527, "size": 833}, "/home/andrew/Echo/core/events_to_capsules.py": {"mtime": 1770430434.9741726, "size": 1769}, "/home/andrew/Echo/core/providers/router.py": {"mtime": 1767919356.182259, "size": 3242}, "/home/andrew/Echo/core/providers/__init__.py": {"mtime": 1767903008.8565125, "size": 0}}