{"/home/andrew/Echo/echo_core_daemon.py": {"mtime": 1773322572.4251485, "size": 10853}, "/home/andrew/Echo/echo_command.py": {"mtime": 1770442596.1518464, "size": 1518}, "/home/andrew/Echo/registry.json": {"mtime": 1773326558.2046015, "size": 5197}, "/home/andrew/Echo/core/__init__.py": {"mtime": 1770507623.3245044, "size": 0}, "/home/andrew/Echo/core/log_rotator.py": {"mtime": 1773116736.3976872, "size": 1497}, "/home/andrew/Echo/core/auto_test_sel.py": {"mtime": 1773193343.2329705, "size": 1233}, "/home/andrew/Echo/core/update_contract.py": {"mtime": 1773104020.9514196, "size": 1061}, "/home/andrew/Echo/core/event_ledger.py": {"mtime": 1773326759.760653, "size": 3361}, "/home/andrew/Echo/core/self_awareness.py": {"mtime": 1772908680.907971, "size": 6587}, "/home/andrew/Echo/core/memory_sessions.py": {"mtime": 1772906282.1451898, "size": 2352}, "/home/andrew/Echo/core/agent_loop.py": {"mtime": 1772994373.7814052, "size": 4961}, "/home/andrew/Echo/core/command_handler.py": {"mtime": 1772908680.909386, "size": 3618}, "/home/andrew/Echo/core/devto_analytics.py": {"mtime": 1773117719.10981, "size": 3851}, "/home/andrew/Echo/core/multiplier_test.py": {"mtime": 1765930932.397687, "size": 1497}, "/home/andrew/Echo/core/income_researcher.py": {"mtime": 1773299296.9946597, "size": 13419}, "/home/andrew/Echo/core/weather.py": {"mtime": 1773117922.085011, "size": 2131}, "/home/andrew/Echo/core/memory_store.py": {"mtime": 1770427978.181272, "size": 1380}, "/home/andrew/Echo/core/executor.py": {"mtime": 1770265059.1882725, "size": 3543}, "/home/andrew/Echo/core/disk_usage_monitor.py": {"mtime": 1773280267.3075507, "size": 1699}, "/home/andrew/Echo/core/file_watcher_worker.py": {"mtime": 1770431950.8495924, "size": 3642}, "/home/andrew/Echo/core/notifier.py": {"mtime": 1773074856.8791533, "size": 1420}, "/home/andrew/Echo/core/self_coder.py": {"mtime": 1773178442.29282, "size": 6106}, "/home/andrew/Echo/core/auto_act.py": {"mtime": 1773326879.3783724, "size": 10567}, "/home/andrew/Echo/core/gpt_reasoner.py": {"mtime": 1773279759.4192543, "size": 2902}, "/home/andrew/Echo/core/pulse.py": {"mtime": 1770439600.0816183, "size": 421}, "/home/andrew/Echo/core/self_act.py": {"mtime": 1773326920.7751086, "size": 8354}, "/home/andrew/Echo/core/regret_index.py": {"mtime": 1773119614.2023826, "size": 12101}, "/home/andrew/Echo/core/autonomous_multiplier.py": {"mtime": 1765931003.3568559, "size": 2268}, "/home/andrew/Echo/core/identity.py": {"mtime": 1765915622.7321942, "size": 649}, "/home/andrew/Echo/core/income_task_injector.py": {"mtime": 1773076090.9031358, "size": 2078}, "/home/andrew/Echo/core/skill_unlock_validator.py": {"mtime": 1765934296.5287008, "size": 2153}, "/home/andrew/Echo/core/income_feed.py": {"mtime": 1765931786.0087204, "size": 918}, "/home/andrew/Echo/core/task_prioritizer.py": {"mtime": 1765931820.7748032, "size": 1189}, "/home/andrew/Echo/core/auto_build_nt.py": {"mtime": 1773281390.39557, "size": 3568}, "/home/andrew/Echo/core/golem_task_matcher.py": {"mtime": 1773098912.9281306, "size": 1681}, "/home/andrew/Echo/core/income_api_placeholders.py": {"mtime": 1765933254.2422178, "size": 1701}, "/home/andrew/Echo/core/daily_briefing.py": {"mtime": 1773326980.924665, "size": 4386}, "/home/andrew/Echo/core/boot_verifier.py": {"mtime": 1765916404.430942, "size": 2904}, "/home/andrew/Echo/core/feedback_loop.py": {"mtime": 1773076142.2867427, "size": 2266}, "/home/andrew/Echo/core/skill_xp_engine.py": {"mtime": 1765934422.9140017, "size": 2045}, "/home/andrew/Echo/core/golem_stats_scraper.py": {"mtime": 1773281010.232548, "size": 4139}, "/home/andrew/Echo/core/resource_tracker.py": {"mtime": 1765931092.9700694, "size": 1023}, "/home/andrew/Echo/core/action_runner.py": {"mtime": 1766087680.6838527, "size": 833}, "/home/andrew/Echo/core/events_to_capsules.py": {"mtime": 1770430434.9741726, "size": 1769}, "/home/andrew/Echo/core/providers/router.py": {"mtime": 1767919356.182259, "size": 3242}, "/home/andrew/Echo/core/providers/__init__.py": {"mtime": 1767903008.8565125, "size": 0}}