id,feature,feature_norm
1,10,-1.2649110640673518
2,20,-0.6324555320336759
3,30,0.0
4,40,0.6324555320336759
5,50,1.2649110640673518
